{"0/multihead_loss": 0.0039149285771841735, "1/multihead_loss": 0.020872298737171606, "final_ranking_loss": 0.07147974539532924, "_timestamp": 1651584532, "_runtime": 5, "_step": 274}