{"lstm_loss": 0.01771019812764999, "shared_loss": 0.04402111047499832, "_timestamp": 1652967824, "_runtime": 3, "_step": 138}