{"0/multihead_loss": 0.1506615483032836, "1/multihead_loss": 0.0316938823989562, "final_ranking_loss": 0.0678635906339113, "_timestamp": 1651584924, "_runtime": 5, "_step": 73}