{"0/multihead_loss": 0.15926268722343476, "1/multihead_loss": 0.05015241109562457, "final_ranking_loss": 0.12668696818694322, "_timestamp": 1651584968, "_runtime": 4, "_step": 257}