{"0/multihead_loss": 0.03424912739602004, "1/multihead_loss": 0.08573601967336944, "final_ranking_loss": 0.062026077962252235, "_timestamp": 1651584672, "_runtime": 6, "_step": 100}