{"0/multihead_loss": 0.08333119519853983, "1/multihead_loss": 0.08751395998721898, "final_ranking_loss": 0.07153835714030295, "_timestamp": 1651585814, "_runtime": 5, "_step": 18}