{"0/multihead_loss": 0.06822820039729036, "final_ranking_loss": 0.04988842795848731, "_timestamp": 1651585773, "_runtime": 4, "_step": 14}