{"0/multihead_loss": 0.0663262621929198, "1/multihead_loss": 0.04416098247163257, "2/multihead_loss": 0.016722943290993518, "3/multihead_loss": 0.04513647547142992, "final_ranking_loss": 0.06351821171612158, "_timestamp": 1651585503, "_runtime": 4, "_step": 174}