{"0/multihead_loss": 0.05777314381984365, "1/multihead_loss": 0.10507984617839998, "final_ranking_loss": 0.042228540542983084, "_timestamp": 1651585090, "_runtime": 6, "_step": 733}