{"lstm_loss": 0.02651381263550167, "shared_loss": 0.04873074100557755, "_timestamp": 1652967861, "_runtime": 5, "_step": 76}