{"0/multihead_loss": 0.007083420905280986, "1/multihead_loss": 0.08453110510023733, "final_ranking_loss": 0.048306992232894516, "_timestamp": 1651584747, "_runtime": 5, "_step": 536}