{"lstm_loss": 0.014099541158241136, "shared_loss": 0.007627112832965705, "_timestamp": 1652967647, "_runtime": 5, "_step": 268}