{"0/multihead_loss": 0.04316884203008331, "1/multihead_loss": 0.007485359240189338, "final_ranking_loss": 0.064827994460349, "_timestamp": 1651227719, "_runtime": 4, "_step": 68}