{"0/multihead_loss": 0.06528615224025246, "1/multihead_loss": 0.15319451363442457, "final_ranking_loss": 0.08484544080272872, "_timestamp": 1651585356, "_runtime": 5, "_step": 187}